test,setting,category,tools,metric,value,vs_baseline_pct,acceptance,acceptance_per_drafted,n,confidence,note
ndt_ladder,off,code,11,tg_tps,27.21,-15.3,,,2,MED,baseline bracketed 32.08/33.85 (5.5% spread)
ndt_ladder,ndt3_dyn,code,11,tg_tps,35.34,7.2,2.3,2.96,2,MED,baseline bracketed 32.08/33.85 (5.5% spread)
ndt_ladder,ndt5_dyn_prod,code,11,tg_tps,33.85,2.7,3.0,4.38,2,MED,baseline bracketed 32.08/33.85 (5.5% spread)
ndt_ladder,ndt5_dyn_prod,code,11,tg_tps,32.08,-2.7,2.76,4.23,2,MED,baseline bracketed 32.08/33.85 (5.5% spread)
ndt_ladder,ndt6_dyn,code,11,tg_tps,33.13,0.5,3.11,4.77,2,MED,baseline bracketed 32.08/33.85 (5.5% spread)
ndt_ladder,ndt7_dyn,code,11,tg_tps,32.68,-0.9,3.13,4.89,2,MED,baseline bracketed 32.08/33.85 (5.5% spread)
ndt_ladder,ndt8_dyn,code,11,tg_tps,30.81,-6.5,3.17,5.29,2,MED,baseline bracketed 32.08/33.85 (5.5% spread)
ndt_ladder,ndt10_dyn,code,11,tg_tps,31.06,-5.8,3.31,5.57,2,MED,baseline bracketed 32.08/33.85 (5.5% spread)
acceptance_by_category,Q4_baseline,agentic_curl,29,acceptance_pct,75.4,,1150,1525,1,MED,ptok ~11k; gen>=200 only; content/tool-count CONFOUNDED
acceptance_by_category,Q4_baseline,agentic_code,11,acceptance_pct,68.7,,1495,2177,1,MED,ptok 11-16k; gen>=200 only; content/tool-count CONFOUNDED
acceptance_by_category,FP16,agentic_code,11,acceptance_pct,70.3,,1561,2219,1,MED,ptok 11-16k; gen>=200 only; content/tool-count CONFOUNDED
acceptance_by_category,Q4_baseline,prose_translate,0,acceptance_pct,61.0,,2061,3378,1,MED,ptok 0.1-9k; gen>=200 only; content/tool-count CONFOUNDED
acceptance_by_category,"2,2",agentic_curl,29,acceptance_pct,57.3,,461,805,1,MED,ptok ~11k; gen>=200 only; content/tool-count CONFOUNDED
acceptance_by_category,"2,2",prose_translate,0,acceptance_pct,47.2,,811,1719,1,MED,ptok 0.1-9k; gen>=200 only; content/tool-count CONFOUNDED
draft_cache_mode_ladder,FP16,code,11,turn_matched_ratio,1.021,,,,2,MED,bits=16; vram_minfree=2619MB; baseline Q4=1.000
draft_cache_mode_ladder,Q8,code,11,turn_matched_ratio,1.001,,,,1,MED,bits=8; vram_minfree=2825MB; baseline Q4=1.000
draft_cache_mode_ladder,Q4,code,11,turn_matched_ratio,1.0,,,,2,MED,bits=4; vram_minfree=3003MB; baseline Q4=1.000
draft_cache_mode_ladder,"3,3",code,11,turn_matched_ratio,1.047,,,,1,MED,bits=3; vram_minfree=3067MB; baseline Q4=1.000
draft_cache_mode_ladder,"2,2",code,11,turn_matched_ratio,1.3,,,,1,MED,bits=2; vram_minfree=3657MB; baseline Q4=1.000
