seq,claim_withdrawn,why_wrong,correction
1,Prefill is flat / never improves at any length,Read the 62k point as the general case; it was one point on a non-monotonic curve.,Prefill improves at 130k (+14% T/s) and 224k.
2,The combo is ~11% SLOWER at 130k,"Compared arms against a baseline measured in an EARLIER, faster session window (~10% drift).",With the baseline interleaved: combo is 1.157x FASTER at 130k.
3,130k is inconclusive (11.2% spread exceeds the effect),"Correct observation, wrong diagnosis -- blamed boot-to-boot noise. Real consecutive-boot drift is 0.07%; the gap was SESSION drift.",n=4 resolved it; and the reference had to be re-measured in-window.
4,"EXL3_MOE_CPU_THREADS=16 is separable and safe alone, a pure decode win at every length",Inferred from short-context evidence only.,It IS decode-only (prefill unchanged) but worth only 1.026x at 130k; mcs380 carries the long-context win.
5,The 224k prefill win comes from KV-cache pressure pushing CPU MoE work into the prefill path,"Speculative mechanism, never measured.",mcs380 speeds prefill +14% at 130k where the cache is only ~50% full. No paging story needed.
6,MTP acceptance tracks intrinsic token predictability; code is the most predictable case,"Asserted a mechanism with no measurement, on a contested premise.",Measured acceptance: curl 75.4% > code 68.7% > prose 61.0%. Code is NOT the best case.
7,The config.yml md5 invariant was vacuous (0fe01cc8 = the combo config),Misread a backup filename as an applied config.,config.yml.kb-<arm> is the PRISTINE snapshot taken BEFORE that arm ran. The invariant was valid all along.
8,250k is bimodal: 1.134x or 1.016x depending on the boot,Compared combo's FAST machine state against baseline's NORMAL state.,Both arms enter the state. Matched within state: 1.011x slow / 0.978x fast = PARITY.
9,Pagefile reads correlate with the 250k fast/slow mode,"Time window misaligned: jsonl ts is written at END of run, so the window captured post-run teardown.",Anchored to the real sustained window: 2 of 3 SLOW boots had near-zero reads while the FAST boot had the third-highest.
10,"ndt6 beating ndt5 on both axes means the knob is still rising, sweep up",Treated two axes moving together as a trend signal; acceptance is not the objective.,Swept 3-10: acceptance rises monotonically but speed peaks at ndt3 (+7.2%) and decays past ndt6.
11,'mcs380 is the only viable value' / '405 is backwards',Overstated: 390/405 were measured offline but NEVER live-booted. And the direction claim was right.,"375 tested live: boots, 0.3% gain (noise). 380 stands as the measured floor."
